record_id,geo,body,standard,mandatory,import_recognition,novel_food_route,searched_on,source_ids,verification_status,carried_from,rechecked_on,notes
CT-001,PAK,Pakistan Halal Authority (Act VIII of 2016); PSQCA Halaal Division,"PS 3733:2022, adopting OIC/SMIIC 1:2019",no,,unknown,,HS-psqca-halal-division,unverified,,,A secondary source says domestic halal food certification is neither standardised nor compulsory; check against the PHA Act. From a web search summary; primary page not opened.
CT-002,IND,No single national body for the domestic market; private certifiers,,no,,unknown,,,unverified,,,Starting hypothesis from PLAN.md 6.5; no source yet.
CT-003,IND,"Quality Council of India, I-CAS Halal, certification bodies accredited by NABCB",India Conformity Assessment Scheme (I-CAS) Halal,partial,Required for meat and meat product exports to listed halal-certifying markets (15 countries from 16 Oct 2024; 35 after DGFT Notification 59/2025-26).,unknown,,HS-dgft-halal-meat-tn25;HS-indiabriefing-icas-2026,unverified,,,Export scheme only. From a web search summary; primary page not opened.
CT-004,SAU,SFDA Halal Center (took over registration of halal certification bodies from the Muslim World League in August 2020),SFDA.FD/GSO 2055-1; GSO 993 (slaughter),partial,Meat and poultry shipments need a manufacturer halal certificate and a per-shipment halal slaughter certificate from a body recognised by the SFDA Halal Center (since November 2020).,none_found,2026-09-30,HS-sfda-import-conditions;HS-usda-fairs-sau-2025;HS-sfda-biotech-2026,unverified,,,"No halal certification route for cell-based meat found. Food approval has a novel food regulation (SFDA.FD 5013), which bears on L, not on this field; L_includes_halal is likely true for SAU. Web search only. From a web search summary; primary page not opened."
CT-005,ARE,Ministry of Industry and Advanced Technology (MoIAT); registered halal certification bodies,UAE.S 2055-1; UAE.S 2055-2 (Cabinet Decree 10/2014),partial,"MoIAT-recognised halal certificate mandatory for raw and processed meat, slaughter by-products and products containing them.",none_found,2026-09-30,HS-moiat-halal;HS-greenqueen-abudhabi-novel-food,unverified,,,"Abu Dhabi (ADAFSA, QCC, ADIO) announced a novel-food approval framework; that is L, not halal certification. Web search only. From a web search summary; primary page not opened."
CT-006,MYS,JAKIM (Department of Islamic Development Malaysia),MS 1500:2019,partial,,none_found,2026-09-30,HS-foods-2026-poultry-halal;HS-jakim-muzakarah-128,unverified,,,"National fatwa (FT-006) sets the conditions; no certification guideline for cultured meat found. ""partial"" reflects voluntary domestic certification with rules for imported meat; confirm. Web search only. From a web search summary; primary page not opened."
CT-007,SGP,Majlis Ugama Islam Singapura (MUIS),MUIS-HC-S001; MUIS-HC-S002,no,,none_found,2026-09-30,HS-foodnavigator-muis-2024;HS-foods-2026-poultry-halal,unverified,,,In February 2024 MUIS said it had yet to develop guidelines for certifying cultivated meat; no later guideline found. From a web search summary; primary page not opened.
CT-008,IDN,"BPJPH (Halal Product Assurance Organizing Body, Ministry of Religious Affairs)",Law 33/2014 on Halal Product Assurance; Government Regulation 42/2024,yes,,unknown,,HS-ahf-bpjph-guide;HS-foods-2026-poultry-halal,unverified,,,"Phased: food and beverages from October 2024, further categories and imported products from 17 October 2026. PLAN.md says ""mandatory from October 2026"", which may understate the food phase; check. Secondary source. From a web search summary; primary page not opened."
CT-009,INT,Standards and Metrology Institute for Islamic Countries (SMIIC),OIC/SMIIC 1:2019,unknown,Adopted nationally in some members (e.g. Pakistan PS 3733:2022).,unknown,,HS-psqca-halal-division,unverified,,,Standard text is paywalled. From a web search summary; primary page not opened.
