source_id,kind,reference,collection,grading,graded_by,english_translation,second_translation,flag_no_english,url,verification_status,carried_from,rechecked_on,notes
QS-001,quran,7:157,,,,"Sahih International (as shown in search results): the Messenger ""makes lawful for them the good things and prohibits for them the evil"".",,,https://quranx.com/7.157,partially_verified,,2026-09-30,Ghamidi's tayyibat/khaba'ith principle (TR-09). Translation text seen in search results only. Ghamidi's own Al-Bayan rendering (Shehzad Saleem) was not retrieved; it is needed before this is quoted in the final text.
QS-002,quran,5:1,,,,"Paraphrase, text not retrieved: grazing livestock (bahimat al-an'am) are made lawful.",,,,unverified,,,Likely source of Ghamidi's an'am point (TR-13). Reference from background knowledge; verify text and Al-Bayan rendering. Ghamidi's own Al-Bayan rendering (Shehzad Saleem) was not retrieved; it is needed before this is quoted in the final text.
QS-003,quran,5:3,,,,"Paraphrase of what search summaries describe, text not retrieved: forbidden are carrion, blood, swine flesh and what is dedicated to other than God; also the strangled, beaten, fallen, gored and what a beast of prey ate.",,,,partially_verified,,2026-09-30,Described in search summaries of the verse and its tafsir. Ghamidi's four prohibitions (TR-14 to TR-18). Ghamidi's own Al-Bayan rendering (Shehzad Saleem) was not retrieved; it is needed before this is quoted in the final text.
QS-004,quran,5:5,,,,"Sahih International (as shown in search results): ""This day [all] good foods have been made lawful, and the food of those who were given the Scripture is lawful for you and your food is lawful for them.""",,,https://legacy.quran.com/5/5,partially_verified,,2026-09-30,Meat of the People of the Book; schools differ on tasmiya for it (see FT notes in the review). Not discussed in the interview. Ghamidi's own Al-Bayan rendering (Shehzad Saleem) was not retrieved; it is needed before this is quoted in the final text.
QS-005,quran,6:145,,,,"Sahih International (via HS-023): ""Say, 'I do not find within that which was revealed to me [anything] forbidden to one who would eat it unless it be a dead animal or blood spilled out or the flesh of swine - for indeed, it is impure - or it be [that slaughtered in] disobedience, dedicated to other than Allah.'""",,,https://corpus.quran.com/translation.jsp?chapter=6&verse=145,partially_verified,,2026-09-30,"The four-item list Ghamidi relies on (TR-14 to TR-18). The qualifier ""blood spilled out"" matters for the liver and spleen hadith (QS-012). Ghamidi's own Al-Bayan rendering (Shehzad Saleem) was not retrieved; it is needed before this is quoted in the final text."
QS-006,quran,2:173,,,,"Paraphrase, text not retrieved: carrion, blood, swine flesh and what is dedicated to other than God are forbidden, with a concession for necessity.",,,,unverified,,,Reference from search results (a page on 2:173) and background knowledge; verify. Ghamidi's own Al-Bayan rendering (Shehzad Saleem) was not retrieved; it is needed before this is quoted in the final text.
QS-007,quran,16:115,,,,"Paraphrase, text not retrieved: the same four prohibitions, with a concession for necessity.",,,,unverified,,,Reference from background knowledge; verify. Ghamidi's own Al-Bayan rendering (Shehzad Saleem) was not retrieved; it is needed before this is quoted in the final text.
QS-008,quran,6:121,,,,"Paraphrase, text not retrieved: do not eat of that over which God's name has not been pronounced.",,,,unverified,,,"Likely basis for tasmiya (TR-17, TR-22, TR-23). Reference from background knowledge; verify. Ghamidi's own Al-Bayan rendering (Shehzad Saleem) was not retrieved; it is needed before this is quoted in the final text."
QS-009,quran,16:66,,,,"Paraphrase, text not retrieved: pure milk comes from between the contents of the gut and the blood.",,,,unverified,,,Cited in the istihalah literature as a Quranic model of transformation (HS-024). Reference from background knowledge; verify. Ghamidi's own Al-Bayan rendering (Shehzad Saleem) was not retrieved; it is needed before this is quoted in the final text.
QS-010,hadith,Whatever is cut from a living animal is carrion (maytah),"Jami' at-Tirmidhi 1480; also Abu Dawud, Ahmad, ad-Darimi",Reported as authentic; al-Tirmidhi: acted upon by the people of knowledge,"hadeethenc.com entry, as summarised in a search result (HS-022)","""Whatever is cut from an animal while it is alive is unlawful carrion.""",,,https://hadeethenc.com/en/browse/hadith/8364,partially_verified,,2026-09-30,"Main text behind the rule that cells taken from a living animal need slaughter of the donor (Hamdan et al. 2018, HS-006, cite Tirmidhi 1480). Abu Dawud number not confirmed. Grader named only as the encyclopedia; the individual hadith critics were not checked."
QS-011,hadith,"Two dead animals and two bloods have been made lawful: fish and locusts, liver and spleen",Sunan Ibn Majah 3314; also Ahmad,Weak as a Prophetic report (via Abd al-Rahman ibn Zayd ibn Aslam); sound as a statement of Ibn Umar,"Ahmad ibn Hanbal, Abu Zur'ah and Abu Hatim (as reported in a search summary)","""Two kinds of dead meat and two kinds of blood have been made lawful for you. The two kinds of dead meat are fish and locusts, and the two kinds of blood are the liver and spleen.""",,,https://sunnah.com/ibnmajah:3314,partially_verified,,2026-09-30,"Source of the sea-animal exemption from slaughter, used by MWP Irsyad 595 (FT-003) for marine cells. Grading from search summaries only."
QS-012,sunnah_mizan,"Mizan (English: Islam: A Comprehensive Introduction), the section on the dietary shari'ah",Mizan,,,Not quoted. Full text not retrieved; see HS-016.,,,https://archive.org/details/mizan-english-ghamidi,unverified,,,"Ghamidi defines Sunnah as practice transmitted by consensus, so his food rules are checked against his own framework, not only the hadith collections (PLAN 6.3). Page and edition still to be fixed. Update 30 Sep 2026: phase1/review.md reports that Ghamidi's published essay (translated by Shehzad Saleem) counts flesh removed from a living animal within maytah, which adds a donor constraint; it does not expressly classify cultured founder cells."
