"Study ID","Citation / short title","Population","Total sample n","Fieldwork","Study type and method","DOI","Findings","Limitations / corrections","Read / download URL","Primary source URL","Access status","Respondent-level data"
"S01","Chriki et al. (2024). Attitudes toward artificial meat in Arab countries","Arab countries (pooled)","1025","Not verified","Peer-reviewed survey. Online survey","10.1111/1750-3841.17559","Willingness and price expectations for cultivated meat.","Pooled attitudes, not national adoption. Chat used ~41% willing to try; abstract says >40%. Correct DOI is 1750-3841, not the earlier 1754-3841.","https://pubmed.ncbi.nlm.nih.gov/39656840/","https://ift.onlinelibrary.wiley.com/doi/10.1111/1750-3841.17559","Abstract verified; full-text access not established","No public respondent-level file verified"
"S02","Maqsood et al. (2025). Are Emirati consumers in United Arab Emirates open to alternative proteins?","UAE nationals, ages 18–65","1666","January–April 2022","Peer-reviewed survey. Online questionnaire via email/social media","10.3389/fsufs.2025.1446790","Plant-based protein preferred over cultivated meat, microalgae and insects.","Preferences, not consumption. Women and ages 18–24 dominate sample; excludes expatriates.","https://www.frontiersin.org/articles/10.3389/fsufs.2025.1446790/full#supplementary-material","https://www.frontiersin.org/journals/sustainable-food-systems/articles/10.3389/fsufs.2025.1446790/full","Open full text and supplementary-material page","Article/supplements; further inquiries to corresponding author"
"S03","Dean et al. (2023). Should I Really Pay a Premium for This?","12 countries; includes Pakistan and Indonesia","4488","2018–2019","Peer-reviewed survey. Email/social media; online and optional paper questionnaire; pooled models","10.1080/08974438.2023.2169428","Perceived suitability and environmental effects were associated with willingness to try, buy and pay more.","Online publication 2023; journal issue 2024. Pakistan/Indonesia sample counts are not consumption rates.","https://hau.repository.guildhe.ac.uk/id/eprint/17927/1/Frank%20Vriesekoop%20Should%20I%20really...UPLOAD.OCR.pdf","https://hau.repository.guildhe.ac.uk/id/eprint/17927/","Public university-repository PDF","Available from corresponding author upon request"
"S04","Alptekin et al. (2026). Consumer acceptance of cultured meat and its determinants among Turkish adults","Türkiye, adults","1169","December 2023–September 2024","Peer-reviewed survey. Cross-sectional online survey; full sampling detail not assessed","10.1007/s00003-026-01607-6","23% willing to try cultivated meat.","Willingness to try, not consumption. Perceived unnaturalness, safety concerns and distrust were barriers.","https://link.springer.com/article/10.1007/s00003-026-01607-6#Sec18","https://link.springer.com/article/10.1007/s00003-026-01607-6","Abstract public; full article subscription-limited; supplementary PDFs public","No public respondent-level file verified"
"S05","Alabdulmohsen and Al-Otaibi (2025). Exploring Novel Foods: Edible Insect Acceptance in Saudi Arabia","Saudi Arabia, adults","2208","October 2024–January 2025","Peer-reviewed survey. Online social-media snowball sampling","10.3390/foods14152590","Men reported more prior insect consumption than women.","Prior insect consumption by sex. Not evidence about plant-based or cultivated meat. Non-probability recruitment limits generalisation.","https://pmc.ncbi.nlm.nih.gov/articles/PMC12345640/","https://www.mdpi.com/2304-8158/14/15/2590","Open full text","Published contributions in article; inquiries to corresponding author"
"S06","Terano et al. (2023). Exploring Muslim Consumers’ Acceptance of Cultured Beef Meat","Muslims in urban Selangor, Malaysia","102","Not verified","Peer-reviewed survey. University-linked sample; 62 online, 40 in-person","10.18196/agraris.v9i1.182","Acceptance varies with attitudes and religious concerns; conflicting headline percentage.","Abstract reports 44.1% acceptance; Table 3 reports 50/102 (49.0%). Table 1 uses 44.1% for awareness. Retain discrepancy; not a national estimate.","https://agraris.umy.ac.id/index.php/agraris/article/download/182/7/454","https://agraris.umy.ac.id/index.php/agraris/article/view/182","Open publisher PDF","No public respondent-level file verified"
"S07","Rakuten Insight (2025). Plant-based food alternatives, June 2025","12 Asian markets; six Southeast Asian countries extracted","78816","2025 report; exact field dates not verified","Commercial market survey. Proprietary online panels, ages 16+","","Six country results answer willingness to eat lab-grown meat.","Country samples do not isolate Muslims. National representativeness not established. Broad plant-food measures include milk; do not treat them as meat consumption.","https://insight.rakuten.com/wordpress/wp-content/uploads/2025_Report-Plant-based-food.pdf","https://insight.rakuten.com/2025_report-plant-based-food/","Public report PDF","No public respondent-level file verified"
"S08","GFI APAC / The Good Growth Co. (2024). Decoding Demand","Indonesia; Malaysia; Philippines; Singapore; Thailand; Vietnam","5971","Not verified in this export","Advocacy-commissioned market research. Regional consumer survey; quantitative sample 5,971","","5% regular consumption; 44% aware but never tried; 9% unaware; >80% would buy at a 20% discount.","Regional summary, not national estimates. GFI promotes alternative proteins. Price scenario is hypothetical. Frequency threshold for 'regular' not verified.","https://gfi-apac.org/wp-content/uploads/2024/02/GFI-APAC_-Consumer-insights-report_FINAL-FULL-.pdf","https://gfi-apac.org/new-data-reveals-surprising-market-opportunities-for-plant-based-meat-in-southeast-asia/","Public report and publisher summary","No public respondent-level file verified"
"S09","Lwin, Malik, Ho and Schulz (2026). Feeding the future","Singapore","2000","Not verified in this export","Peer-reviewed survey. Online sample described by authors as nationally representative","10.1016/j.foodqual.2025.105761","Plant-based protein had highest acceptance; familiarity, expected taste and perceived healthfulness were common correlates.","Journal issue March 2026; first online 2025. Acceptance comparison, not consumption prevalence.","https://pure.ewha.ac.kr/en/publications/feeding-the-future-a-comparison-of-drivers-and-barriers-towards-c/","https://doi.org/10.1016/j.foodqual.2025.105761","University publication record and abstract verified","No public respondent-level file verified"
