"record_id","source_id","geography","protein","measure","value","unit","qualifier","sample_n","numerator","measurement_type","source_location","note"
"R01","S07","Indonesia","Cultivated meat","Would eat lab-grown meat: Yes","0.31","proportion","Reported","8305","","Hypothetical willingness","Country page 13",""
"R02","S07","Malaysia","Cultivated meat","Would eat lab-grown meat: Yes","0.5","proportion","Reported","7706","","Hypothetical willingness","Country page 16",""
"R03","S07","Philippines","Cultivated meat","Would eat lab-grown meat: Yes","0.37","proportion","Reported","7474","","Hypothetical willingness","Country page 17",""
"R04","S07","Singapore","Cultivated meat","Would eat lab-grown meat: Yes","0.35","proportion","Reported","3507","","Hypothetical willingness","Country page 18",""
"R05","S07","Thailand","Cultivated meat","Would eat lab-grown meat: Yes","0.32","proportion","Reported","10176","","Hypothetical willingness","Country page 19",""
"R06","S07","Vietnam","Cultivated meat","Would eat lab-grown meat: Yes","0.09","proportion","Reported","1942","","Hypothetical willingness","Country page 21",""
"R07","S08","Six-country SEA summary","Plant-based meat","Regularly consume","0.05","proportion","Reported","5971","","Self-reported consumption","Publisher summary",""
"R08","S08","Six-country SEA summary","Plant-based meat","Aware but never tried","0.44","proportion","Reported","5971","","Awareness / trial history","Publisher summary",""
"R09","S08","Six-country SEA summary","Plant-based meat","Never heard of it","0.09","proportion","Reported average","5971","","Awareness","Publisher summary",""
"R10","S08","Six-country SEA summary","Plant-based meat","Would buy at 20% below conventional meat price","0.8","proportion",">","5971","","Hypothetical purchase intent","Publisher summary","Value is a lower bound, not exactly 80%."
"R11","S01","Arab countries (pooled)","Cultivated meat","Willing to try","0.41","proportion","Approximate","1025","","Hypothetical willingness","Abstract","Chat used ~41%; source abstract states >40%."
"R12","S01","Arab countries (pooled)","Cultivated meat","Would pay less than conventional meat","0.55","proportion","Reported","1025","","Hypothetical willingness to pay","Abstract","Includes much less or nothing."
"R13","S01","Arab countries (pooled)","Cultivated meat","Would pay the same price","0.27","proportion","Reported","1025","","Hypothetical willingness to pay","Abstract",""
"R14","S02","UAE nationals","Plant-based protein","Preferred alternative protein","0.74","proportion","Reported","1666","","Stated preference","Section 4.3 / Figure 2A",""
"R15","S02","UAE nationals","Cultivated meat","Preferred alternative protein","0.12","proportion","Reported","1666","","Stated preference","Section 4.3 / Figure 2A",""
"R16","S02","UAE nationals","Microalgae protein","Preferred alternative protein","0.09","proportion","Reported","1666","","Stated preference","Section 4.3 / Figure 2A",""
"R17","S02","UAE nationals","Insect protein","Preferred alternative protein","0.05","proportion","Reported","1666","","Stated preference","Section 4.3 / Figure 2A",""
"R18","S02","UAE nationals","All categories","Women in sample","0.809","proportion","Reported","1666","","Sample composition","Section 4.1",""
"R19","S02","UAE nationals","All categories","Ages 18–24 in sample","0.759","proportion","Reported","1666","","Sample composition","Section 4.1",""
"R20","S03","Pakistan","Plant / fungal / cultivated","Country sample size","649","respondents","Reported","649","","Sample size","Methods / Table 1",""
"R21","S03","Indonesia","Plant / fungal / cultivated","Country sample size","210","respondents","Reported","210","","Sample size","Methods / Table 1",""
"R22","S03","12 countries (pooled)","Plant / fungal / cultivated","Drivers of willingness","","qualitative","Qualitative","4488","","Association","Abstract","Perceived suitability and environmental effects associated with willingness; not country adoption estimates."
"R23","S04","Türkiye","Cultivated meat","Willing to try","0.23","proportion","Reported","1169","","Hypothetical willingness","Abstract",""
"R24","S05","Saudi Arabia: men","Edible insects","Previously eaten insects","0.241","proportion","Reported","758","183","Self-reported past consumption","Table 2","Sex-specific denominator."
"R25","S05","Saudi Arabia: women","Edible insects","Previously eaten insects","0.078","proportion","Reported","1450","113","Self-reported past consumption","Table 2","Sex-specific denominator."
"R26","S06","Selangor, Malaysia","Cultivated beef","Acceptance as stated in abstract","0.441","proportion","Disputed in source","102","","Hypothetical acceptance","Abstract","Conflicts with Table 3; do not use as settled acceptance rate."
"R27","S06","Selangor, Malaysia","Cultivated beef","Acceptance as reported in Table 3","0.49","proportion","Reported; source conflict","102","50","Hypothetical acceptance","Table 3, journal p. 108","Table prints 49.0%; abstract prints 44.1%."
"R28","S06","Selangor, Malaysia","Cultivated beef","Prior awareness","0.441","proportion","Reported","102","45","Awareness","Table 1, journal p. 106","44.1% is also the awareness figure."
"R29","S09","Singapore","Four alternative proteins","Acceptance and associated factors","","qualitative","Qualitative","2000","","Attitude / association","Abstract","Plant-based most accepted; expected taste, familiarity and healthfulness were common correlates."
